{"stats":{"minecraft:crafted":{"minecraft:oak_planks":12,"minecraft:crafting_table":2,"minecraft:stick":20,"minecraft:wooden_pickaxe":2,"minecraft:stone_pickaxe":3,"minecraft:furnace":1,"minecraft:bone_meal":6,"minecraft:birch_planks":92,"minecraft:stone_axe":3},"minecraft:dropped":{"minecraft:dirt":9,"minecraft:birch_sapling":1,"minecraft:cobblestone":1,"minecraft:bone_meal":1,"minecraft:oak_planks":1,"minecraft:wooden_pickaxe":2,"minecraft:stick":2},"minecraft:picked_up":{"minecraft:birch_log":23,"minecraft:seagrass":1,"minecraft:crafting_table":3,"minecraft:gravel":1,"minecraft:oak_log":10,"minecraft:dirt":10,"minecraft:arrow":2,"minecraft:bone":2,"minecraft:bone_meal":1,"minecraft:birch_sapling":1,"minecraft:cobblestone":35,"minecraft:furnace":1},"minecraft:used":{"minecraft:oak_log":7,"minecraft:birch_planks":79,"minecraft:stone_pickaxe":30,"minecraft:wooden_pickaxe":11,"minecraft:gravel":1,"minecraft:stone_axe":45,"minecraft:dirt":1,"minecraft:cobblestone":8,"minecraft:crafting_table":5,"minecraft:furnace":2,"minecraft:seagrass":1},"minecraft:mined":{"minecraft:furnace":1,"minecraft:birch_log":23,"minecraft:birch_leaves":10,"minecraft:crafting_table":3,"minecraft:grass_block":5,"minecraft:oak_log":10,"minecraft:gravel":1,"minecraft:dirt":5,"minecraft:stone":35},"minecraft:custom":{"minecraft:time_since_rest":37724,"minecraft:interact_with_furnace":3,"minecraft:sprint_one_cm":7840,"minecraft:damage_taken":260,"minecraft:walk_one_cm":19819,"minecraft:mob_kills":2,"minecraft:drop":13,"minecraft:damage_dealt":722,"minecraft:player_kills":1,"minecraft:swim_one_cm":2616,"minecraft:interact_with_crafting_table":11,"minecraft:fly_one_cm":11002,"minecraft:crouch_one_cm":1328,"minecraft:play_time":46541,"minecraft:deaths":1,"minecraft:sneak_time":308,"minecraft:walk_under_water_one_cm":4244,"minecraft:jump":143,"minecraft:leave_game":4,"minecraft:walk_on_water_one_cm":3258,"minecraft:time_since_death":37604,"minecraft:total_world_time":46541,"minecraft:fall_one_cm":2792},"minecraft:killed_by":{"minecraft:skeleton":1},"minecraft:killed":{"minecraft:skeleton":1,"minecraft:turtle":1}},"DataVersion":3953}