{"stats":{"minecraft:custom":{"minecraft:interact_with_furnace":1,"minecraft:mob_kills":4,"minecraft:interact_with_crafting_table":1,"minecraft:leave_game":12,"minecraft:time_since_death":10824,"minecraft:time_since_rest":52073,"minecraft:sprint_one_cm":14100,"minecraft:walk_one_cm":135968,"minecraft:damage_taken":2458,"minecraft:drop":53,"minecraft:damage_dealt":62,"minecraft:play_noteblock":118,"minecraft:swim_one_cm":14593,"minecraft:fly_one_cm":183673,"minecraft:crouch_one_cm":926,"minecraft:play_time":128903,"minecraft:deaths":10,"minecraft:sneak_time":713,"minecraft:walk_under_water_one_cm":13049,"minecraft:jump":240,"minecraft:walk_on_water_one_cm":14936,"minecraft:total_world_time":128903,"minecraft:fall_one_cm":5212},"minecraft:picked_up":{"minecraft:stripped_oak_log":2,"minecraft:feather":2,"minecraft:oak_log":4,"minecraft:golden_sword":1,"minecraft:paper":22,"minecraft:bone":4,"minecraft:apple":1,"minecraft:cobbled_deepslate":5,"minecraft:iron_ingot":11,"minecraft:redstone_torch":1,"minecraft:iron_sword":1,"minecraft:stick":5,"minecraft:sandstone":6,"minecraft:note_block":21,"minecraft:sand":89,"minecraft:arrow":4,"minecraft:rotten_flesh":2,"minecraft:diamond":4,"minecraft:oak_sapling":4},"minecraft:killed":{"minecraft:creeper":1,"minecraft:skeleton":2,"minecraft:turtle":1},"minecraft:mined":{"minecraft:deepslate_diamond_ore":4,"minecraft:note_block":17,"minecraft:oak_log":5,"minecraft:stripped_oak_log":1,"minecraft:oak_leaves":52,"minecraft:deepslate":5},"minecraft:crafted":{"minecraft:oak_planks":8,"minecraft:coal":1,"minecraft:crafting_table":1},"minecraft:dropped":{"minecraft:iron_ingot":3,"minecraft:note_block":4,"minecraft:iron_sword":2,"minecraft:sweet_berries":1,"minecraft:wheat_seeds":1,"minecraft:diamond_axe":1,"minecraft:oak_log":4,"minecraft:tnt":1,"minecraft:jukebox":1,"minecraft:diamond_hoe":1,"minecraft:feather":1,"minecraft:rotten_flesh":2,"minecraft:oak_planks":4,"minecraft:apple":1,"minecraft:carrot":1,"minecraft:coal":4,"minecraft:leather_helmet":2,"minecraft:stick":3,"minecraft:leather_chestplate":2,"minecraft:potato":1,"minecraft:shield":2,"minecraft:diamond_pickaxe":1,"minecraft:beetroot_seeds":1,"minecraft:leather_boots":2,"minecraft:oak_sapling":4,"minecraft:golden_sword":2,"minecraft:leather_leggings":2,"minecraft:redstone_torch":2,"minecraft:sandstone":6,"minecraft:sand":85,"minecraft:arrow":5,"minecraft:bow":3,"minecraft:paper":6},"minecraft:killed_by":{"minecraft:spider":2,"minecraft:zombie":3,"minecraft:enderman":1,"minecraft:drowned":2},"minecraft:used":{"minecraft:wheat_seeds":6,"minecraft:leather_leggings":2,"minecraft:diamond_hoe":11,"minecraft:leather_chestplate":6,"minecraft:stone":3,"minecraft:diamond_axe":1,"minecraft:leather_boots":2,"minecraft:tnt":28,"minecraft:crafting_table":1,"minecraft:crossbow":33,"minecraft:note_block":22,"minecraft:redstone_torch":3,"minecraft:leather_helmet":12,"minecraft:golden_sword":2,"minecraft:bow":11,"minecraft:furnace":1,"minecraft:cooked_porkchop":1,"minecraft:netherite_pickaxe":9,"minecraft:jukebox":1}},"DataVersion":3953}