{"stats":{"minecraft:dropped":{"minecraft:iron_ingot":3,"minecraft:note_block":4,"minecraft:iron_sword":2,"minecraft:sweet_berries":1,"minecraft:wheat_seeds":1,"minecraft:diamond_axe":1,"minecraft:oak_log":4,"minecraft:tnt":1,"minecraft:jukebox":1,"minecraft:diamond_hoe":1,"minecraft:feather":1,"minecraft:rotten_flesh":2,"minecraft:oak_planks":4,"minecraft:apple":1,"minecraft:carrot":1,"minecraft:coal":4,"minecraft:leather_helmet":2,"minecraft:stick":3,"minecraft:leather_chestplate":3,"minecraft:potato":1,"minecraft:tipped_arrow":2,"minecraft:shield":2,"minecraft:diamond_pickaxe":1,"minecraft:beetroot_seeds":1,"minecraft:leather_boots":2,"minecraft:oak_sapling":4,"minecraft:golden_sword":2,"minecraft:leather_leggings":2,"minecraft:redstone_torch":2,"minecraft:sandstone":6,"minecraft:sand":85,"minecraft:arrow":5,"minecraft:bow":3,"minecraft:paper":7,"minecraft:redstone_block":1,"minecraft:bone":4},"minecraft:picked_up":{"minecraft:stripped_oak_log":2,"minecraft:leather_chestplate":1,"minecraft:feather":2,"minecraft:oak_log":4,"minecraft:golden_sword":1,"minecraft:paper":24,"minecraft:bone":8,"minecraft:apple":1,"minecraft:cobbled_deepslate":5,"minecraft:iron_ingot":11,"minecraft:redstone_torch":1,"minecraft:iron_sword":1,"minecraft:tipped_arrow":2,"minecraft:stick":5,"minecraft:sandstone":6,"minecraft:note_block":21,"minecraft:sand":89,"minecraft:arrow":4,"minecraft:rotten_flesh":2,"minecraft:diamond":4,"minecraft:oak_sapling":4},"minecraft:crafted":{"minecraft:oak_planks":8,"minecraft:coal":1,"minecraft:crafting_table":1,"minecraft:paper":1},"minecraft:killed_by":{"minecraft:stray":1,"minecraft:spider":2,"minecraft:zombie":3,"minecraft:enderman":1,"minecraft:drowned":2},"minecraft:used":{"minecraft:wheat_seeds":6,"minecraft:leather_leggings":2,"minecraft:diamond_hoe":11,"minecraft:leather_chestplate":7,"minecraft:stone":3,"minecraft:redstone_block":1,"minecraft:diamond_axe":1,"minecraft:leather_boots":2,"minecraft:tnt":28,"minecraft:crafting_table":2,"minecraft:crossbow":33,"minecraft:note_block":22,"minecraft:redstone_torch":3,"minecraft:leather_helmet":12,"minecraft:golden_sword":2,"minecraft:bow":31,"minecraft:furnace":1,"minecraft:cooked_porkchop":1,"minecraft:netherite_pickaxe":9,"minecraft:jukebox":1},"minecraft:killed":{"minecraft:creeper":2,"minecraft:skeleton":2,"minecraft:turtle":1},"minecraft:mined":{"minecraft:deepslate_diamond_ore":4,"minecraft:note_block":17,"minecraft:short_grass":6,"minecraft:oak_log":5,"minecraft:stripped_oak_log":1,"minecraft:oak_leaves":52,"minecraft:deepslate":5},"minecraft:custom":{"minecraft:interact_with_furnace":1,"minecraft:mob_kills":8,"minecraft:interact_with_crafting_table":4,"minecraft:leave_game":33,"minecraft:time_since_death":3402,"minecraft:time_since_rest":3443,"minecraft:sprint_one_cm":24001,"minecraft:damage_taken":2704,"minecraft:walk_one_cm":226179,"minecraft:drop":58,"minecraft:damage_dealt":170,"minecraft:play_noteblock":118,"minecraft:swim_one_cm":14593,"minecraft:fly_one_cm":228914,"minecraft:crouch_one_cm":1580,"minecraft:play_time":275664,"minecraft:deaths":11,"minecraft:sneak_time":845,"minecraft:walk_under_water_one_cm":13049,"minecraft:jump":363,"minecraft:walk_on_water_one_cm":15303,"minecraft:total_world_time":275664,"minecraft:fall_one_cm":29301}},"DataVersion":3953}