{
    "ambient_light": 0,
    "bed_works": false,
    "coordinate_scale": 1,
    "effects": "minecraft:the_end",
    "fixed_time": 6000,
    "has_ceiling": false,
    "has_raids": true,
    "has_skylight": false,
    "infiniburn": "#minecraft:infiniburn_end",
    "monster_spawn_block_light_limit": 0,
    "monster_spawn_light_level": {
        "type": "minecraft:uniform",
        "max_inclusive": 7,
        "min_inclusive": 0
    },
    "natural": false,
    "piglin_safe": false,
    "respawn_anchor_works": false,
    "ultrawarm": false,
    "min_y": -64,
    "height": 512,
    "logical_height": 448
}
